id;text;submitted_date
1;payment Awesome Concrete Keyboard Health;2017-06-25T09:44:32
2;magenta circuit Unbranded;2017-06-25T17:07:07
3;THX Gorgeous reintermediate;2017-06-24T23:15:27
4;Sharable Operations Borders;2017-06-25T14:41:18
5;South Carolina web-enabled Cape Verde Escudo;2017-06-25T14:00:30
6;Manager Colombia virtual;2017-06-25T00:18:04
7;calculating Plains Plastic;2017-06-25T00:29:12
8;indexing application Knoll;2017-06-25T11:33:38
9;killer lime Horizontal;2017-06-25T10:00:16
10;Small Plastic Fish;2017-06-24T21:21:25
